{"cameraMode":{"drawMode":0,"name":"Shaded","section":"Shading Mode"},"sceneLighting":false,"audioPlay":false,"sceneViewState":{"showFog":true,"showMaterialUpdate":false,"showSkybox":false,"showFlares":true,"showImageEffects":true,"showParticleSystems":true},"in2DMode":false,"pivot":{"x":3.7179677486419679,"y":1.1469740867614747,"z":5.370083808898926},"rotation":{"x":0.00019808419165201485,"y":-0.3866032660007477,"z":0.00033300049835816026,"w":0.9225460290908814},"size":0.5379407405853272,"orthographic":false}