{"cameraMode":{"drawMode":0,"name":"Shaded","section":"Shading Mode"},"sceneLighting":false,"audioPlay":false,"sceneViewState":{"showFog":true,"showMaterialUpdate":false,"showSkybox":false,"showFlares":true,"showImageEffects":true,"showParticleSystems":true},"in2DMode":false,"pivot":{"x":16.45733070373535,"y":4.992480278015137,"z":-1.3934991359710694},"rotation":{"x":-0.20151740312576295,"y":0.40819787979125979,"z":-0.09312409162521362,"w":-0.8857377171516419},"size":1.9679689407348633,"orthographic":false}